{"schemaVersion":"1.0","appDefinitionTemplate":{"id":"/providers/Microsoft.PowerApps/apps/","type":"Microsoft.PowerApps/apps","tags":{"primaryDeviceWidth":"1366","primaryDeviceHeight":"768","sienaVersion":"20201218T112902Z-3.20114.22.0","deviceCapabilities":"","supportsPortrait":"false","supportsLandscape":"true","primaryFormFactor":"Tablet","publisherVersion":"3.20114.22","minimumRequiredApiVersion":"2.2.0","hasComponent":"true","hasUnlockedComponent":"true","isUnifiedRootApp":"false"},"properties":{"appVersion":"2020-12-18T11:29:02Z","lifeCycleId":"Published","createdByClientVersion":{"major":3,"minor":20114,"build":22,"revision":0,"majorRevision":0,"minorRevision":0},"minClientVersion":{"major":3,"minor":20114,"build":22,"revision":0,"majorRevision":0,"minorRevision":0},"backgroundColor":"rgba(165, 34, 55, 1)","backgroundImageUri":"/8477475705764081572/Ned1f846c-007d-4dd9-9cec-7284c294a659-logoSmallFile","displayName":"Christmas Calendar PowerAppSession Livesession","description":"","commitMessage":"","appUris":{"documentUri":{"value":"/8477475705764081572/N307be756-b722-429d-a8a5-040053da302e-document.msapp"},"imageUris":[]},"createdTime":"0001-01-01T00:00:00Z","lastModifiedTime":"0001-01-01T00:00:00Z","sharedGroupsCount":0,"sharedUsersCount":0,"icons":{"smallIconUri":"/8477475705764081572/N7c6c7802-b460-4200-be7f-0e4018b4afd7-small.png","mediumIconUri":"/8477475705764081572/Na53423d7-7045-40ad-85c7-2628456f8695-medium.png","largeIconUri":"/8477475705764081572/N71383029-cd2e-4371-a3c6-3367a2b3ddd8-large.png","wideIconUri":"/8477475705764081572/N3bffc3c0-746b-4240-a9f3-e6893f822625-wide.png"},"connectionReferences":{},"databaseReferences":{},"almMode":"Environment","performanceOptimizationEnabled":true,"canConsumeAppPass":true,"executionRestrictions":{"isTeamsOnly":false,"dataLossPreventionEvaluationResult":{"status":"Compliant","lastEvaluationDate":"2020-11-23T12:06:54.3589975Z","violationDetails":[]}}},"isAppComponentLibrary":false,"appType":"ClassicCanvasApp","appComponents":[]}}