{"schemaVersion":"1.0","appDefinitionTemplate":{"id":"/providers/Microsoft.PowerApps/apps/","type":"Microsoft.PowerApps/apps","tags":{"primaryDeviceWidth":"1366","primaryDeviceHeight":"768","sienaVersion":"20201218T111618Z-3.20114.22.0","deviceCapabilities":"","supportsPortrait":"false","supportsLandscape":"true","primaryFormFactor":"Tablet","publisherVersion":"3.20114.22","minimumRequiredApiVersion":"2.2.0","hasComponent":"true","hasUnlockedComponent":"true","isUnifiedRootApp":"false"},"properties":{"appVersion":"2020-12-18T11:16:18Z","lifeCycleId":"Published","createdByClientVersion":{"major":3,"minor":20114,"build":22,"revision":0,"majorRevision":0,"minorRevision":0},"minClientVersion":{"major":3,"minor":20114,"build":22,"revision":0,"majorRevision":0,"minorRevision":0},"backgroundColor":"rgba(165, 34, 55, 1)","backgroundImageUri":"/1400098603575983525/Nf0e6a69e-a337-4484-be7e-e6e274260025-logoSmallFile","displayName":"Christmas Calendar PowerAppSession","description":"","commitMessage":"","appUris":{"documentUri":{"value":"/1400098603575983525/Na2f313f0-83c4-4a92-af28-7429a504bc08-document.msapp"},"imageUris":[]},"createdTime":"0001-01-01T00:00:00Z","lastModifiedTime":"0001-01-01T00:00:00Z","sharedGroupsCount":0,"sharedUsersCount":0,"icons":{"smallIconUri":"/1400098603575983525/N61ca7ae8-4966-4e77-ada8-b46e387461fe-small.png","mediumIconUri":"/1400098603575983525/N5936ad1a-d6a4-4999-8162-dc14f3a60fcc-medium.png","largeIconUri":"/1400098603575983525/Nb4b61478-fce0-4dd7-907f-6d9f8eefa4fb-large.png","wideIconUri":"/1400098603575983525/N8568e041-a215-4b8c-b1cd-315b06b4429c-wide.png"},"connectionReferences":{},"databaseReferences":{},"almMode":"Environment","performanceOptimizationEnabled":true,"canConsumeAppPass":true,"executionRestrictions":{"isTeamsOnly":false,"dataLossPreventionEvaluationResult":{"status":"Compliant","lastEvaluationDate":"2020-11-23T12:06:54.3589975Z","violationDetails":[]}}},"isAppComponentLibrary":false,"appType":"ClassicCanvasApp","appComponents":[]}}