{"schemaVersion":"1.0","appDefinitionTemplate":{"id":"/providers/Microsoft.PowerApps/apps/","type":"Microsoft.PowerApps/apps","tags":{"primaryDeviceWidth":"1366","primaryDeviceHeight":"768","sienaVersion":"20201217T160908Z-3.20114.22.0","deviceCapabilities":"","supportsPortrait":"false","supportsLandscape":"true","primaryFormFactor":"Tablet","publisherVersion":"3.20114.22","minimumRequiredApiVersion":"2.2.0","hasComponent":"true","hasUnlockedComponent":"true","isUnifiedRootApp":"false"},"properties":{"appVersion":"2020-12-18T11:06:59Z","lifeCycleId":"Published","createdByClientVersion":{"major":3,"minor":20114,"build":22,"revision":0,"majorRevision":0,"minorRevision":0},"minClientVersion":{"major":3,"minor":20114,"build":22,"revision":0,"majorRevision":0,"minorRevision":0},"backgroundColor":"rgba(165, 34, 55, 1)","backgroundImageUri":"/16715136207609404057/N980f5c83-3872-41af-a733-2aa93af9f5f4-Ne5a6469f-7487-43ee-af41-28740cfaa246-logoSmallFile","displayName":"Christmas Calendar PowerAppSession","description":"","commitMessage":"","appUris":{"documentUri":{"value":"/16715136207609404057/N4a9da78c-c225-48fb-b6bf-c014119a8222-Nda4d1700-ac2b-4078-93ff-0d1fe66151f3-document.msapp"},"imageUris":[]},"createdTime":"0001-01-01T00:00:00Z","lastModifiedTime":"0001-01-01T00:00:00Z","sharedGroupsCount":0,"sharedUsersCount":0,"icons":{"smallIconUri":"/16715136207609404057/N321b0b5d-d6de-4b94-a6fd-257de2c1238b-N71763755-be10-407a-82dd-4862dd6ebccd-small.png","mediumIconUri":"/16715136207609404057/N0cc9d18a-ad73-46eb-bf79-ca7a231c1936-Nff244f37-8a8c-4331-ba4f-9090e0547c9c-medium.png","largeIconUri":"/16715136207609404057/Ndc095acf-ae95-412c-a3ec-378204e073dd-Na08e1c56-f017-437a-95e7-5fbd71ece51e-large.png","wideIconUri":"/16715136207609404057/N13619d09-b508-4a83-84d6-a090a239cb51-Ne91a8520-7948-443c-a293-49eff4f80fc8-wide.png"},"connectionReferences":{},"databaseReferences":{},"almMode":"Environment","performanceOptimizationEnabled":true,"canConsumeAppPass":true,"executionRestrictions":{"isTeamsOnly":false,"dataLossPreventionEvaluationResult":{"status":"Compliant","lastEvaluationDate":"2020-11-23T12:06:54.3589975Z","violationDetails":[]}}},"isAppComponentLibrary":false,"appType":"ClassicCanvasApp","appComponents":[]}}