{"schemaVersion":"1.0","appDefinitionTemplate":{"id":"/providers/Microsoft.PowerApps/apps/","type":"Microsoft.PowerApps/apps","tags":{"primaryDeviceWidth":"1366","primaryDeviceHeight":"768","sienaVersion":"20201217T160908Z-3.20114.22.0","deviceCapabilities":"","supportsPortrait":"false","supportsLandscape":"true","primaryFormFactor":"Tablet","publisherVersion":"3.20114.22","minimumRequiredApiVersion":"2.2.0","hasComponent":"true","hasUnlockedComponent":"true","isUnifiedRootApp":"false"},"properties":{"appVersion":"2020-12-18T11:07:06Z","lifeCycleId":"Published","createdByClientVersion":{"major":3,"minor":20114,"build":22,"revision":0,"majorRevision":0,"minorRevision":0},"minClientVersion":{"major":3,"minor":20114,"build":22,"revision":0,"majorRevision":0,"minorRevision":0},"backgroundColor":"rgba(165, 34, 55, 1)","backgroundImageUri":"/14137911806809148638/N507d0be9-c199-463a-9929-9049a67ab15c-Ne5a6469f-7487-43ee-af41-28740cfaa246-logoSmallFile","displayName":"Christmas Calendar PowerAppSession","description":"","commitMessage":"","appUris":{"documentUri":{"value":"/14137911806809148638/N4398e9fc-7676-425c-91f9-19b8f77c7058-Nda4d1700-ac2b-4078-93ff-0d1fe66151f3-document.msapp"},"imageUris":[]},"createdTime":"0001-01-01T00:00:00Z","lastModifiedTime":"0001-01-01T00:00:00Z","sharedGroupsCount":0,"sharedUsersCount":0,"icons":{"smallIconUri":"/14137911806809148638/Na802323c-1f9b-4c9c-a303-6a006066ebfa-N71763755-be10-407a-82dd-4862dd6ebccd-small.png","mediumIconUri":"/14137911806809148638/N3f2c09a1-fba7-4695-866b-fdebb060e33b-Nff244f37-8a8c-4331-ba4f-9090e0547c9c-medium.png","largeIconUri":"/14137911806809148638/Nabce53a8-3832-4b5c-bbd3-30c3b8976a77-Na08e1c56-f017-437a-95e7-5fbd71ece51e-large.png","wideIconUri":"/14137911806809148638/Na4ae4072-4ab7-4ff7-92cb-4b00c2dd4619-Ne91a8520-7948-443c-a293-49eff4f80fc8-wide.png"},"connectionReferences":{},"databaseReferences":{},"almMode":"Environment","performanceOptimizationEnabled":true,"canConsumeAppPass":true,"executionRestrictions":{"isTeamsOnly":false,"dataLossPreventionEvaluationResult":{"status":"Compliant","lastEvaluationDate":"2020-11-23T12:06:54.3589975Z","violationDetails":[]}}},"isAppComponentLibrary":false,"appType":"ClassicCanvasApp","appComponents":[]}}