{"schemaVersion":"1.0","appDefinitionTemplate":{"id":"/providers/Microsoft.PowerApps/apps/","type":"Microsoft.PowerApps/apps","tags":{"primaryDeviceWidth":"1366","primaryDeviceHeight":"768","sienaVersion":"20201218T111929Z-3.20114.22.0","deviceCapabilities":"","supportsPortrait":"false","supportsLandscape":"true","primaryFormFactor":"Tablet","publisherVersion":"3.20114.22","minimumRequiredApiVersion":"2.2.0","hasComponent":"true","hasUnlockedComponent":"true","isUnifiedRootApp":"false"},"properties":{"appVersion":"2020-12-18T11:19:29Z","lifeCycleId":"Published","createdByClientVersion":{"major":3,"minor":20114,"build":22,"revision":0,"majorRevision":0,"minorRevision":0},"minClientVersion":{"major":3,"minor":20114,"build":22,"revision":0,"majorRevision":0,"minorRevision":0},"backgroundColor":"rgba(165, 34, 55, 1)","backgroundImageUri":"/1359586689727732333/Ne49c133a-8635-44df-be9b-9ccbd642c5ef-logoSmallFile","displayName":"Christmas Calendar PowerAppSession","description":"","commitMessage":"","appUris":{"documentUri":{"value":"/1359586689727732333/N414105e2-5fb1-4a5e-aedf-e0187b259984-document.msapp"},"imageUris":[]},"createdTime":"0001-01-01T00:00:00Z","lastModifiedTime":"0001-01-01T00:00:00Z","sharedGroupsCount":0,"sharedUsersCount":0,"icons":{"smallIconUri":"/1359586689727732333/N561f729c-c6fb-4657-9609-d7c34565fef9-small.png","mediumIconUri":"/1359586689727732333/N2d8bb092-ac12-4c62-9001-33f6897042e4-medium.png","largeIconUri":"/1359586689727732333/N2d1a9b41-0612-4f58-aaf7-0b9420a63fd7-large.png","wideIconUri":"/1359586689727732333/N482448ca-84d0-4030-8220-072352af4cbd-wide.png"},"connectionReferences":{},"databaseReferences":{},"almMode":"Environment","performanceOptimizationEnabled":true,"canConsumeAppPass":true,"executionRestrictions":{"isTeamsOnly":false,"dataLossPreventionEvaluationResult":{"status":"Compliant","lastEvaluationDate":"2020-11-23T12:06:54.3589975Z","violationDetails":[]}}},"isAppComponentLibrary":false,"appType":"ClassicCanvasApp","appComponents":[]}}