{"schemaVersion":"1.0","appDefinitionTemplate":{"id":"/providers/Microsoft.PowerApps/apps/","type":"Microsoft.PowerApps/apps","tags":{"primaryDeviceWidth":"1366","primaryDeviceHeight":"768","sienaVersion":"20201218T111455Z-3.20114.22.0","deviceCapabilities":"","supportsPortrait":"false","supportsLandscape":"true","primaryFormFactor":"Tablet","publisherVersion":"3.20114.22","minimumRequiredApiVersion":"2.2.0","hasComponent":"true","hasUnlockedComponent":"true","isUnifiedRootApp":"false"},"properties":{"appVersion":"2020-12-18T11:14:55Z","lifeCycleId":"Published","createdByClientVersion":{"major":3,"minor":20114,"build":22,"revision":0,"majorRevision":0,"minorRevision":0},"minClientVersion":{"major":3,"minor":20114,"build":22,"revision":0,"majorRevision":0,"minorRevision":0},"backgroundColor":"rgba(165, 34, 55, 1)","backgroundImageUri":"/15138062168246739934/N0aa2ddd3-a6f9-4746-aad5-994b004f96b7-logoSmallFile","displayName":"Christmas Calendar PowerAppSession","description":"","commitMessage":"These are RRW changes","appUris":{"documentUri":{"value":"/15138062168246739934/N005ef4a8-84ef-4445-98eb-fd16924c6c83-document.msapp"},"imageUris":[]},"createdTime":"0001-01-01T00:00:00Z","lastModifiedTime":"0001-01-01T00:00:00Z","sharedGroupsCount":0,"sharedUsersCount":0,"icons":{"smallIconUri":"/15138062168246739934/N46a33bb4-2f92-438e-b221-f7926eea3395-small.png","mediumIconUri":"/15138062168246739934/N3bc18f67-9367-4975-b6df-9b57ebe460f1-medium.png","largeIconUri":"/15138062168246739934/Ndcb7dbed-e72f-4acf-afe0-ff17cbb54dd3-large.png","wideIconUri":"/15138062168246739934/Nccd5bdde-e475-4da8-9b52-151bb8e07837-wide.png"},"connectionReferences":{},"databaseReferences":{},"almMode":"Environment","performanceOptimizationEnabled":true,"canConsumeAppPass":true,"executionRestrictions":{"isTeamsOnly":false,"dataLossPreventionEvaluationResult":{"status":"Compliant","lastEvaluationDate":"2020-11-23T12:06:54.3589975Z","violationDetails":[]}}},"isAppComponentLibrary":false,"appType":"ClassicCanvasApp","appComponents":[]}}